correct,correct_spelling,misspelling,phoneme_rep,suggested,suggested_phoneme,candidates
1,actually,achuly,AE CH UW L IY,actually,AE K CH L IY,"['actually', 'truly', 'cruelly', 'amply', 'aptly', 'emilie', 'emily', 'icily', 'italy', 'utterly']"
0,actually,acualy,AE K Y UW W AH L IY,accurately,AE K Y ER AH T L IY,"['accurately', 'casually', 'usually', 'annually', 'actually', 'adequacy', 'acutely', 'acuity', 'unusually', 'accuracies']"
1,address,addres,AE D R EY Z,address,AE D R EH S,"['address', 'address', 'advise', 'strays', 'appraise', 'iras', 'adams', 'addams', 'mores', 'sprays']"
0,address,adres,EY D R EY Z,strays,S T R EY Z,"['strays', 'iras', 'appraise', 'sprays', 'forays', 'address', 'address', 'mores', 'berets', 'agrees']"
1,address,adress,AH D R EH S,address,AE D R EH S,"['address', 'address', 'oppress', 'egress', 'stress', 'advice', 'obsess', 'unless', 'adroit', 'across']"
1,adult,adault,AH D AO L T,adult,AH D AH L T,"['adult', 'assault', 'adored', 'adopt', 'adult', 'abort', 'appalled', 'adolph', 'assort', 'adores']"
0,affect,afect,AH F EH K T,effect,AH F EH K T,"['effect', 'affect', 'effect', 'effect', 'offend', 'affix', 'effects', 'attacked', 'eject', 'erect']"
1,all,alll,AO L,all,AO L,"['all', 'or', 'ore', 'orr', 'oar', 'ole', 'ell', 'isle', 'aisle', ""i'll""]"
1,animations,animaitons,AE N AH M EY T AH N Z,animations,AE N AH M EY SH AH N Z,"['animations', 'annotations', 'innovations', 'affirmations', 'appalachians', 'appalachians', 'appellations', 'allegations', 'allocations', 'animators']"
1,annoying,anoeing,AH N UW IH NG,annoying,AH N OY IH NG,"['annoying', 'issuing', 'eschewing', 'entering', 'inching', 'unsung', 'ending', 'ushering', 'snowing', 'allying']"
0,answering,ansaring,AE N S EH R IH NG,uncaring,AH N K EH R IH NG,"['uncaring', 'accessing', 'excelling', 'endearing', 'ensuring', 'inciting', 'unceasing', 'inserting', 'impairing', 'unseating']"
1,anybody,enybody,EH N IY B AH D IY,anybody,EH N IY B AH D IY,"['anybody', 'enabler', 'enables', 'enabled', 'uneasily', 'somebody', 'entropy', 'enabled', 'entreaty', 'ennobled']"
1,apart,appart,AH P AA R T,apart,AH P AA R T,"['apart', 'abort', 'assort', 'sport', 'appeared', 'urquhart', 'sparred', 'apollo', 'appears', 'appoint']"
1,appeal,apeal,EY P IY L,appeal,AH P IY L,"['appeal', 'spiel', 'emile', 'able', 'abel', 'opal', 'opel', 'apple', 'appel', 'eyepiece']"
0,approach,approch,AE P R AH K,applet,AE P L AH T,"['applet', 'akron', 'apron', 'april', 'operas', 'struck', 'borak', 'barrack', 'barrack', 'sprung']"
0,aren't,arent,EH R AH N T,errant,EH R AH N T,"['errant', 'errand', 'arrant', 'grunt', 'brunt', 'front', 'erupt', 'agent', 'trent', 'print']"
1,avatar,avitar,AE V IH T AA R,avatar,AE V AH T AA R,"['avatar', 'aguilar', 'avalon', 'abidjan', 'additive', 'asimov', 'asimov', 'costar', 'hectare', 'antidote']"
1,because,beacause,B IY K AO Z,because,B IH K AO Z,"['because', 'because', 'bakers', 'begot', 'bouquets', 'buckeyes', 'because', 'because', 'beepers', 'macaws']"
1,because,beaccause,B IY K AO Z,because,B IH K AO Z,"['because', 'because', 'bakers', 'begot', 'bouquets', 'buckeyes', 'because', 'because', 'beepers', 'macaws']"
0,because,beacouse,B IY K AH S,backus,B AE K AH S,"['backus', 'beacon', 'because', 'because', 'bogus', 'beaches', 'basis', 'bacon', 'bacchus', 'negus']"
0,because,beacuse,B IY K Y UW Z,recuse,R IH K Y UW Z,"['recuse', 'reviews', 'beacons', 'debuts', 'vacuum', 'diffuse', 'defuse', 'values', 'curfews', 'nephews']"
1,because,becaes,B IH K EY Z,because,B IH K AH Z,"['because', 'because', 'bickers', 'bouquets', 'because', 'because', 'bouquets', 'became', 'biggies', 'buckeyes']"
0,because,becase,B IH K EY S,became,B IH K EY M,"['became', 'because', 'because', 'bickers', 'bouquets', 'because', 'because', 'bouquets', 'backus', 'bacchus']"
1,because,becauase,B IH K AO Z,because,B IH K AO Z,"['because', 'because', 'because', 'because', 'bickers', 'buckeyes', 'biggies', 'macaws', 'bouquets', 'bakers']"
1,because,becauce,B IH K AO S,because,B IH K AO Z,"['because', 'because', 'because', 'because', 'bickers', 'backus', 'bacchus', 'bacall', 'before', 'decor']"
1,because,becouse,B IH K AW S,because,B IH K AA Z,"['because', 'because', 'because', 'bickers', 'because', 'bacchus', 'backus', 'bickered', 'become', 'became']"
0,because,becuase,B IH K W EY Z,bequeath,B IH K W IY TH,"['bequeath', 'folkways', 'walkways', 'betrays', 'becomes', 'requests', 'bigwig', 'backward', 'buckwheat', 'bookcase']"
0,because,becuos,B EH K Y UW OW Z,vacuums,V AE K Y UW M Z,"['vacuums', 'legumes', 'backrooms', 'hecuba', 'bedrooms', 'bemused', 'recused', 'communes', 'communes', 'lobules']"
1,because,becus,B IH K AH S,because,B IH K AH Z,"['because', 'because', 'backus', 'become', 'bickers', 'because', 'because', 'bacchus', 'bogus', 'bigot']"
0,because,becuse,B IH K Y UW Z,recuse,R IH K Y UW Z,"['recuse', 'diffuse', 'defuse', 'refuse', 'misuse', 'revues', 'tissues', 'becomes', 'diffuse', 'disuse']"
0,because,bekos,B IY K OW S,backus,B AE K AH S,"['backus', 'bacchus', 'beacon', 'became', 'bakers', 'beasts', 'winos', 'burgos', 'makos', 'beepers']"
0,being,bein,B IY N,bean,B IY N,"['bean', 'bane', 'bone', 'ben', 'benne', 'beam', 'burn', 'bern', 'been', 'bun']"
0,bored,bord,B AO R D,board,B AO R D,"['board', 'bored', 'barred', 'bard', 'bort', 'boart', 'poured', 'pored', 'bald', 'balled', 'bawled']"
1,bullies,bullys,B UH L IY Z,bullies,B UH L IY Z,"['bullies', 'pulleys', 'bullied', 'bookies', 'baileys', 'belize', 'bellies', 'juries', 'pussies', 'ballets']"
0,bullying,bulying,B Y UW L IY IH NG,blunting,B L AH N T IH NG,"['blunting', 'blinding', 'blending', 'blasting', 'blinking', 'blanking', 'blackening', 'fuelling', 'bristling', 'bugles']"
0,bystander,bystader,B AY S T EY D ER,bastards,B AE S T ER D Z,"['bastards', 'lysander', 'boisterous', 'lifesaver', 'sustained', 'crusader', 'upstaged', 'bystander', 'abstained', 'unstained']"
0,bystander,pstander,S T AE N D ER,stander,S T AE N D ER,"['stander', 'slander', 'stands', 'stentor', 'spender', 'slender', 'stanza', 'surrender', 'stanley', 'attainder']"
0,careful,kafull,K AE F AH L,cackle,K AE K AH L,"['cackle', 'castle', 'kassel', 'cassel', 'baffle', 'camel', 'cattle', 'carol', 'carroll', 'carole']"
0,cause,couse,K AW S,cows,K AW Z,"['cows', 'gauss', 'couch', 'house', 'kos', 'bouse', 'kiss', 'cowed', 'cowl', 'cuss']"
0,cause,cus,K AH S,cuss,K AH S,"['cuss', 'gus', 'kiss', 'curse', 'case', 'kos', 'puss', 'pus', 'kutch', 'cos', 'coss']"
0,cause,cuz,K AH Z,cuss,K AH S,"['cuss', 'cayes', 'cars', 'cause', 'coz', 'keys', 'cause', 'fuzz', 'coups', 'cows']"
1,comfortable,comefortable,K AH M F ER T AH B AH L,comfortable,K AH M F ER T AH B AH L,"['comfortable', 'compatible', 'convertible', 'comfortably', 'comparable', 'commendable', 'collectible', 'lamentable', 'consumable', 'creditable']"
1,comfortable,comfertable,K AH M F ER T AH B AH L,comfortable,K AH M F ER T AH B AH L,"['comfortable', 'compatible', 'convertible', 'comfortably', 'comparable', 'commendable', 'collectible', 'lamentable', 'consumable', 'creditable']"
1,communication,communacation,K AA M Y AH N AH K EY SH AH N,communication,K AH M Y UW N AH K EY SH AH N,"['communication', 'qualification', 'communications', 'complication', 'compensation', 'codification', 'confiscation', 'computation', 'consecration', 'commutation']"
1,complete,conplete,K AH N P L IY T,complete,K AH M P L IY T,"['complete', 'conflate', 'concrete', 'complied', 'concrete', 'conclude', 'complain', 'culprit', 'contrite', 'complies']"
1,confidence,confedence,K AA N F EH D AH N S,confidence,K AA N F AH D EH N S,"['confidence', 'confident', 'confluence', 'confessions', 'confidante', 'confidant', 'confluent', 'confederate', 'condolence', 'cognizance']"
0,consequences,consiqences,K AA N S AH K AH N S IH Z,confidences,K AA N F AH D EH N S IH Z,"['confidences', 'countenances', 'consequences', 'consecration', 'consolations', 'incidences', 'coincidences', 'consonants', 'consequence', 'consequent']"
0,contact,cintact,S IH N T AE K T,syntax,S IH N T AE K S,"['syntax', 'contact', 'ransacked', 'pentax', 'santana', 'contacts', 'scintilla', 'diffract', 'detract', 'sunkist']"
1,controls,controlles,K AH N T R OW L Z,controls,K AH N T R OW L Z,"['controls', 'controlled', 'controller', 'comptroller', 'kestrels', 'contrary', 'comptroller', 'contrived', 'contrast', 'contract']"
0,cyber,ciber,S AY B ER,sabre,S EY B ER,"['sabre', 'sober', 'cipher', 'cypher', 'cider', 'fibre', 'sizer', 'tiber', 'signer', 'saver']"
0,cyberbullying,ciberbulling,S AY B ER B AH L IH NG,scribbling,S K R IH B AH L IH NG,"['scribbling', 'squabbling', 'stumbling', 'disabling', 'encircling', 'assembling', 'recycling', 'verbalizing', 'psychobabble', 'spiralling']"
0,cyberbullying,caberbulling,K EY B ER B AH L IH NG,crumbling,K R AH M B AH L IH NG,"['crumbling', 'disabling', 'scribbling', 'squabbling', 'quibbling', 'verbalizing', 'enabling', 'enabling', 'cradling', 'bumbling']"
0,cyberbullying,cyberbulling,S AY B ER B UH L IH NG,burbling,B ER B L IH NG,['burbling']
0,cyberbullying,cyberbullyin,S AY B ER B AH L IY AH N,babylonian,B AE B AH L OW N IY AH N,['babylonian']
1,dance,dans,D AE N Z,dance,D AE N S,"['dance', 'dens', 'tans', 'duns', 'dines', 'dynes', 'downs', 'dams', 'damns', 'danes', 'deigns']"
1,dances,danses,D AE N S IH Z,dances,D AE N S IH Z,"['dances', 'dances', 'dancers', 'chances', 'dancing', 'danzig', 'senses', 'downsize', 'fences', 'taxes']"
0,danger,dangher,D AE NG ER,ganger,G AE NG ER,"['ganger', 'banger', 'hanger', 'hangar', 'sanger', 'dank', 'langer', 'dasher', 'dagger', 'dapper']"
1,detail,detale,D IH T EY L,detail,D IH T EY L,"['detail', 'detail', 'detain', 'derail', 'tittle', 'ditties', 'detour', 'curtail', 'dibble', 'little']"
1,detailed,detaled,D IH T EY L D,detailed,D IH T EY L D,"['detailed', 'details', 'detained', 'derailed', 'details', 'curtailed', 'retailed', 'whittled', 'derails', 'defamed']"
1,details,deetales,D IY T EY L Z,details,D IY T EY L Z,"['details', 'details', 'retails', 'beatles', 'beetles', 'detours', 'decals', 'detailed', 'diesels', 'derails']"
0,died,dided,D AY D IH D,guided,G AY D IH D,"['guided', 'deeded', 'sided', 'chided', 'dated', 'dotted', 'guided', 'deeded', 'doubted', 'doodad']"
1,difference,differance,D IH F ER AH N S,difference,D IH F ER AH N S,"['difference', 'deference', 'difference', 'defiance', 'different', 'deterrence', 'deference', 'deferrals', 'different', 'reference']"
1,different,difrunt,D IH F R AH N T,different,D IH F R AH N T,"['different', 'different', 'difference', 'defiant', 'deference', 'difference', 'diffract', 'seafront', 'defrost', 'disrupt']"
1,digital,digitle,D IH JH AH T AH L,digital,D IH JH AH T AH L,"['digital', 'digital', 'vegetal', 'sagittal', 'digitize', 'rebuttal', 'pivotal', 'original', 'befuddle', 'genital']"
0,digital,ditull,D IH T AH L,tittle,T IH T AH L,"['tittle', 'detail', 'dibble', 'little', 'kittle', 'whittle', 'tattle', 'turtle', 'title', 'total']"
0,discussions,dicussions,D IH K AH SH AH N Z,demotions,D IH M OW SH AH N Z,"['demotions', 'desertions', 'deletions', 'divisions', 'decisions', 'diversions', 'decadence', 'vacations', 'dissonance', 'vocations']"
0,doesn't,doest,D OW S T,toast,T OW S T,"['toast', 'dust', 'durst', 'diced', 'doused', 'ghost', 'dost', 'boast', 'doped', 'host']"
0,doesn't,donet,D OW N EY,dona,D OW N AH,"['dona', 'donor', ""don't"", 'monet', 'tony', 'toni', 'denny', 'toner', 'deny', 'danny', 'dannie']"
0,don't,dont,D AA N T,daunt,D AO N T,"['daunt', 'donned', 'dent', 'dint', ""don't"", 'dart', 'docked', 'dons', 'dost', 'donnie', 'donny']"
0,don't,dount,D AW N T,downed,D AW N D,"['downed', ""don't"", 'dint', 'downs', 'doused', 'downy', 'mount', 'dent', 'daunt', 'downer']"
0,don't,downt,D AW N T,downed,D AW N D,"['downed', ""don't"", 'dint', 'downs', 'doused', 'downy', 'mount', 'dent', 'daunt', 'downer']"
0,downloading,downlding,D AW N L D IH NG,downswing,D AW N S W IH NG,"['downswing', 'denoting', 'donating', 'decoding', 'deploying', 'dividing', 'deluding', 'deriding', 'deciding', 'foundling']"
1,easier,easyer,IY Z IY ER,easier,IY Z IY ER,"['easier', 'easter', 'easel', 'eases', 'earlier', 'easing', 'freer', 'assayer', 'furrier', 'courier', 'currier']"
0,educational,edcautional,EH D K AO SH AH N AH L,vocational,V OW K EY SH AH N AH L,"['vocational', 'obsessional', 'devotional', 'correctional', 'directional', 'fractional', 'functional', 'doctrinal', 'affectionate', 'additional']"
1,educational,egicasinol,EH JH AH K EY S IH N AO L,educational,EH JH AH K EY SH AH N AH L,"['educational', 'educationally']"
0,effect,effcet,EH F S AH T,exit,EH K S AH T,"['exit', 'offset', 'offset', 'everett', 'epsom', 'everett', 'epson', 'egret', 'emirate', 'edsel']"
0,else,eles,EH L EH S,ellis,EH L IH S,"['ellis', 'ellice', 'sos', 'elks', 'bless', 'alas', 'alice', 'alyce', 'eyeless', 'heiress']"
1,emails,emales,IH M EY L Z,emails,IY M EY L Z,"['emails', 'emailed', 'smiles', 'smells', 'assails', 'smalls', 'snails', 'evades', 'impose', 'quails']"
1,entertaining,entertaning,EH N T ER T EY N IH NG,entertaining,EH N T ER T EY N IH NG,"['entertaining', 'entertainers', 'undertaking', 'intervening', 'entitling', 'enlightening', 'entrenching', 'interrupting', 'entrusting', 'interacting']"
0,environment,enviroment,IH N V AY R OW M AH N T,involvement,IH N V AA L V M AH N T,"['involvement', 'investment', 'instrument', 'engrossment', 'entrapment', 'environment', 'encroachment', 'invariant', 'investment', 'informant']"
0,environments,enviroments,IH N V AY R OW M AH N T S,involvements,IH N V AA L V M AH N T S,"['involvements', 'investments', 'instruments', 'encroachments', 'environments', 'investments', 'informants', 'enticements', 'indictments', 'incitements']"
1,every,evry,EH V R IY,every,EH V R IY,"['every', 'ivory', 'every', 'avery', 'ivory', 'ovary', 'aubrey', 'agree', 'emory', 'emery']"
0,everyone's,everyones,EH V R IY W AH N Z,enlivens,EH N L AY V AH N Z,"['enlivens', 'evergreens', 'envisions', 'bedouins', 'saracens', 'penguins', 'everywhere', 'everyman', 'guardians', 'relations']"
1,example,egsample,EH G S AE M P AH L,example,IH G Z AE M P AH L,"['example', 'scramble', 'examples', 'trample', 'scalpel', 'decimals', 'decimal', 'gambrel', 'simple', 'gamble']"
1,favourite,favouate,F EY V W AH T,favourite,F EY V ER IH T,"['favourite', 'somewhat', 'caveat', 'cheviot', 'fabian', 'soviet', 'fervent', 'faceless', 'feynman', 'fateful']"
0,footprint,futprnt,F AH T P R N T,culprit,K AH L P R IH T,"['culprit', 'cutthroat', 'gunpoint', 'flippant', 'temperate', 'formant', 'comport', 'supplant', 'buttressed', 'content']"
0,friend,freind,F R AY N D,frond,F R AA N D,"['frond', 'fronde', 'friend', 'frowned', 'grind', 'front', 'framed', 'primed', 'fremd', 'craned']"
1,friend,frend,F R EH N D,friend,F R EH N D,"['friend', 'fremd', 'frond', 'fronde', 'frowned', 'french', 'trend', 'front', 'framed', 'franz']"
1,friendly,frendly,F R EH N D L IY,friendly,F R EH N D L IY,"['friendly', 'grandly', 'blandly', 'blindly', 'frankly', 'princely', 'trendier', 'trendier', 'brendan', 'frenzies']"
1,friendly,freindly,F R AY N D L IY,friendly,F R EH N D L IY,"['friendly', 'blindly', 'grandly', 'blandly', 'princely', 'frankly', 'grinders', 'frugally', 'grinding', 'frontal']"
0,friends,freinds,F R AY N D Z,fronds,F R AA N D Z,"['fronds', 'friends', 'grinds', 'blinds', 'brands', 'grands', 'trends', 'grounds', 'errands', 'grinder']"
1,friends,frendes,F R EH N D Z,friends,F R EH N D Z,"['friends', 'fronds', 'trends', 'brands', 'grands', 'blends', 'grinds', 'errands', 'grounds', 'frenzy']"
1,friends,frends,F R EH N D Z,friends,F R EH N D Z,"['friends', 'fronds', 'trends', 'brands', 'grands', 'blends', 'grinds', 'errands', 'grounds', 'frenzy']"
0,friends,frenids,F R EH N IH D Z,frenzies,F R EH N Z IY Z,"['frenzies', 'grenades', 'printings', 'premieres', 'premiers', 'freshens', 'freckles', 'fringes', 'franchise', 'frenzied']"
0,friends,frens,F R EH N Z,franz,F R AE N Z,"['franz', 'frunze', 'friend', 'frowns', 'french', 'trends', 'france', 'frames', 'prinz', 'cranes']"
0,friends,fridnds,F R IH D AH N D Z,prisoners,P R IH Z AH N ER Z,"['prisoners', 'fresheners', 'falklands', 'gardeners', 'hardeners', 'woodlands', 'docklands', 'frictions', 'refunds', 'befriends']"
1,gain,gane,G EY N,gain,G EY N,"['gain', 'kane', 'cane', 'cain', 'caine', 'kain', 'gun', 'guin', 'game', 'gan']"
0,genuinely,genuilly,JH EH N Y UW AH L IY,manually,M AE N Y UW AH L IY,"['manually', 'january', 'manuals', 'sexually', 'generously', 'centrally', 'genitals', 'annually', 'genuinely', 'generally']"
0,going,goning,G OW N IH NG,gunning,G AH N IH NG,"['gunning', 'gaining', 'boning', 'zoning', 'moaning', 'phoning', 'honing', 'goering', 'goading', 'toning']"
0,gonna,gona,G OW N AH,ghana,G AE N AH,"['ghana', 'gonna', 'bona', 'dona', 'jonah', 'mona', 'iona', 'rona', 'coma', 'coney']"
1,graphics,grafics,G R AE F IH K S,graphics,G R AE F IH K S,"['graphics', 'prefix', 'trafficker', 'classics', 'critics', 'brackets', 'tropics', 'gravity', 'predicts', 'profits']"
0,guy,guyy,G AY IY,gaia,G AY AH,"['gaia', 'gooey', 'guys', 'guise', 'glee', 'guile', 'guide', 'curry', 'gayer', 'gray', 'grey']"
0,hackers,hakers,HH EY K ER Z,hikers,HH AY K ER Z,"['hikers', 'hackers', 'hawkers', 'hookers', 'haters', 'makers', 'takers', 'bakers', 'shakers', 'fakers']"
0,happening,happing,HH AE P IH NG,hyping,HH AY P IH NG,"['hyping', 'hoping', 'hacking', 'heaping', 'hopping', 'having', 'halving', 'hatching', 'hashing', 'capping']"
0,harrassed,harrased,HH EH R AH S T,heresy,HH EH R AH S IY,"['heresy', 'merest', 'terraced', 'barest', 'rarest', 'herald', 'harold', 'hippest', 'hottest', 'dearest']"
1,having,haveing,HH AE V IH NG,having,HH AE V IH NG,"['having', 'halving', 'heaving', 'hacking', 'hatching', 'hashing', 'hanging', 'hemming', 'hedging', 'huffing']"
1,he,hee,HH IY,he,HH IY,"['he', 'hey', 'hay', 'hoe', 'whoa', 'her', 'huh', 'high', 'hah', 'hoy']"
1,honestly,honastly,AA N AH S T L IY,honestly,AA N AH S T L IY,"['honestly', 'earnestly', 'ineptly', 'honourably', 'unsightly', 'urgently', 'priestly', 'priestley', 'brusquely', 'anasazi']"
1,important,importent,IH M P AO R T EH N T,important,IH M P AO R T AH N T,"['important', 'importance', 'impairment', 'imprudent', 'disorient', 'imported', 'impressions', 'impotent', 'importers', 'impregnate']"
1,inappropriate,innapropriate,IH N AH P R OW P R IY AH T,inappropriate,IH N AH P R OW P R IY IH T,"['inappropriate', 'misappropriate', 'appropriate', 'inappropriately', 'appropriation', 'appropriated', 'appropriating', 'appropriators', 'appropriateness', 'appropriates']"
0,inappropriate,innipropiet,IH N IH P R AH P IY T,indiscreet,IH N D IH S K R IY T,"['indiscreet', 'incomplete', 'endearment', 'incipient', 'indifferent', 'interprets', 'interpreter', 'interpret']"
0,instagram,innteraction,IH N T ER AE K SH AH N,interaction,IH N T ER AE K SH AH N,"['interaction', 'insurrection', 'interruption', 'infraction', 'intermission', 'intercession', 'interacted', 'inflection', 'inspection', 'interacting']"
0,instagram,instagram,IH N S T EY G R AE M,histogram,HH IH S T AH G R AE M,"['histogram', 'histograms', 'windstorm']"
0,instagram,instergram,IH N S T ER G R AE M,histogram,HH IH S T AH G R AE M,"['histogram', 'histograms', 'windstorm']"
0,instagram,instergran,IH N S T ER G R AE N,histogram,HH IH S T AH G R AE M,"['histogram', 'interferon', 'interferon', 'interaction', 'hindustan', 'hinterland', 'entranced']"
0,instagram,instgram,IH N S T G R AE M,integral,IH N T AH G R AH L,"['integral', 'integrate', 'instigate', 'milligram', 'kilogram', 'monogram', 'telegram', 'sonogram', 'instruct', 'anagram']"
0,instagram,intgram,IH N T G R AE M,anagram,AE N AH G R AE M,"['anagram', 'epigram', 'integral', 'integrate', 'program', 'programme', 'interior', 'intercom', 'diagram', 'pilgrim']"
0,interesting,intresting,IH N T R EH S T IH NG,entrusting,EH N T R AH S T IH NG,"['entrusting', 'encrusting', 'interacting', 'interrupting', 'entrenching', 'intrastate', 'entrusted', 'intercepting', 'inspecting', 'interceding']"
0,isn't,isnt,IH Z N T,izzard,IH Z ER D,"['izzard', 'izard', 'inched', 'ism', 'rant', 'dint', 'rent', 'cant', 'kant', ""can't""]"
0,issues,isuues,IH ZH W UW Z,enthuse,IH N TH UW Z,"['enthuse', 'ensues', 'issuers', 'edgewise', 'induce', 'asians', 'unwise', 'amuse', 'accrues', 'airways']"
1,jerk,jerck,JH ER K,jerk,JH ER K,"['jerk', 'jake', 'jack', 'jacques', 'joke', 'jock', 'juke', 'dirk', 'merck', 'murk']"
0,keep,ceap,S IY P,seep,S IY P,"['seep', 'soap', 'sep', 'cheap', 'sup', 'sip', 'seek', 'sikh', 'sap', 'sop']"
1,kidnap,kiddnap,K IH D N AE P,kidnap,K IH D N AE P,"['kidnap', 'catnap', 'kidneys', 'catnip', 'kodiak', 'madcap', 'kingship', 'kinship', 'midnight', 'cleanup']"
1,kidnap,kidnapp,K IH D N AE P,kidnap,K IH D N AE P,"['kidnap', 'catnap', 'kidneys', 'catnip', 'kodiak', 'madcap', 'kingship', 'kinship', 'midnight', 'cleanup']"
1,kidnapper,kiddnaper,K IH D N AE P ER,kidnapper,K IH D N AE P ER,"['kidnapper', 'kidnaps', 'kidnapped', 'kinshasa', 'kidnapping', 'kissinger', 'campaigner', 'consider', 'catnap', 'entrapped']"
1,kidnapper,kidknapper,K IH D N AE P ER,kidnapper,K IH D N AE P ER,"['kidnapper', 'kidnaps', 'kidnapped', 'kinshasa', 'kidnapping', 'kissinger', 'campaigner', 'consider', 'catnap', 'entrapped']"
1,kidnapper,kidnaper,K IH D N AE P ER,kidnapper,K IH D N AE P ER,"['kidnapper', 'kidnaps', 'kidnapped', 'kinshasa', 'kidnapping', 'kissinger', 'campaigner', 'consider', 'catnap', 'entrapped']"
1,kidnapping,kidnaping,K IH D N AE P IH NG,kidnapping,K IH D N AE P IH NG,"['kidnapping', 'kidnappers', 'kidnapper', 'kidnaps', 'kidnapped', 'captioning', 'campaigning', 'captaining', 'coarsening', 'condoning']"
1,kill,kil,K IH L,kill,K IH L,"['kill', 'gill', 'gil', 'kale', 'kail', 'cull', 'cal', 'curl', 'kyle', 'kier']"
0,lady,laddy,L AE D IY,ladder,L AE D ER,"['ladder', 'lady', 'lassie', 'sadie', 'daddy', 'paddy', 'lads', 'lanny', 'lackey', 'ready']"
0,learned,lernt,L ER N T,learnt,L ER N T,"['learnt', 'learned', 'lint', 'lent', 'lurched', 'lurked', 'learns', 'burnt', 'current', 'learner', 'lerner']"
1,learning,learnung,L ER N AH NG,learning,L ER N IH NG,"['learning', 'lining', 'loaning', 'leaning', 'yearning', 'lurching', 'turning', 'lurking', 'burning', 'ironing']"
0,levels,leves,L IY V Z,leaves,L IY V Z,"['leaves', 'weaves', 'reeves', 'reaves', 'loaves', 'loves', 'luvs', 'lives', 'lives', 'leagues']"
0,lives,lifes,L AY F S,laughs,L AE F S,"['laughs', 'leafs', 'likes', 'lifer', 'lights', 'lives', 'wipes', 'limes', 'lines', 'riffs']"
1,lonely,lonley,L AA N L IY,lonely,L OW N L IY,"['lonely', 'conley', 'langley', 'lushly', 'lamely', 'lovely', 'lively', 'likely', 'manly', 'manley']"
1,lonely,lonly,L AA N L IY,lonely,L OW N L IY,"['lonely', 'conley', 'langley', 'lushly', 'lamely', 'lovely', 'lively', 'likely', 'manly', 'manley']"
0,luring,loring,L AO R IH NG,warring,W AO R IH NG,"['warring', 'roaring', 'luring', 'lauding', 'shoring', 'longing', 'soaring', 'boring', 'pouring', 'poring']"
1,manipulate,minipulate,M IH N IH P Y AH L EY T,manipulate,M AH N IH P Y AH L EY T,"['manipulate', 'manipulator', 'manipulates', 'inoculate', 'stipulate', 'manipulated', 'manipulating', 'manipulative', 'manipulators', 'stipulates']"
1,many,meny,M EH N IY,many,M EH N IY,"['many', 'money', 'mini', 'minnie', 'meany', 'mani', 'mooney', 'lenny', 'benny', 'bennie', 'beni']"
0,mature,macher,M AE K ER,maker,M EY K ER,"['maker', 'meeker', 'lacquer', 'backer', 'tacker', 'hacker', 'wacker', 'whacker', 'max', 'macs', 'macks']"
0,maybe,mabe,M EY B,mab,M AE B,"['mab', 'mob', 'made', 'maid', 'labe', 'maim', 'make', 'maze', 'maize', 'mays']"
1,maybe,mabey,M EY B IY,maybe,M EY B IY,"['maybe', 'mamie', 'maisie', 'baby', 'meiji', 'macy', 'matey', 'mayday', 'midi', 'navy']"
1,maybe,maby,M EY B IY,maybe,M EY B IY,"['maybe', 'mamie', 'maisie', 'baby', 'meiji', 'macy', 'matey', 'mayday', 'midi', 'navy']"
1,maybe,mabye,M AE B IY,maybe,M EY B IY,"['maybe', 'maggie', 'gaby', 'gabby', 'tabby', 'cabbie', 'cabby', 'massey', 'shabby', 'mattie']"
1,maybe,maybey,M EY B IY,maybe,M EY B IY,"['maybe', 'mamie', 'maisie', 'baby', 'meiji', 'macy', 'matey', 'mayday', 'midi', 'navy']"
1,mean,meen,M IY N,mean,M IY N,"['mean', 'mien', 'main', 'maine', 'mane', 'mon', 'moan', 'men', 'meme', 'mun']"
1,meet,meet,M IY T,meet,M IY T,"['meet', 'meat', 'mete', 'mate', 'mead', 'meade', 'moat', 'mote', 'met', 'mutt']"
0,media,midia,M IH D IY AH,medea,M AH D IY AH,"['medea', 'media', 'lydia', 'video', 'mitra', 'mudra', 'muddied', 'mejia', 'mania', 'midair']"
0,melon,mellon,M EH L AH N,mellon,M EH L AH N,"['mellon', 'melon', 'mullen', 'marron', 'mennen', 'helen', 'hellen', 'felon', 'meghan', 'malone']"
1,messenger,messanger,M EH S EY N JH ER,messenger,M EH S AH N JH ER,"['messenger', 'messenger', 'passenger', 'kissinger', 'derringer', 'stranger', 'endanger', 'salinger', 'remainder', 'remainder']"
1,michael,mical,M AY K AH L,michael,M AY K AH L,"['michael', 'michel', 'micheal', 'cycle', 'mogul', 'maple', 'mikhail', 'mikhail', 'nickel', 'nickle']"
1,michael,michael,M AY K AH L,michael,M AY K AH L,"['michael', 'michel', 'micheal', 'cycle', 'mogul', 'maple', 'mikhail', 'mikhail', 'nickel', 'nickle']"
1,michael,micheal,M AY K AH L,michael,M AY K AH L,"['michael', 'michel', 'micheal', 'cycle', 'mogul', 'maple', 'mikhail', 'mikhail', 'nickel', 'nickle']"
0,michael,michel,M IH SH EH L,michelle,M IH SH EH L,"['michelle', 'michel', 'michele', 'miguel', 'mission', 'rochelle', 'rachelle', 'mitchell', 'michel', 'mitchel']"
0,michael,michiel,M IH CH AH L,mitchell,M IH CH AH L,"['mitchell', 'michel', 'mitchel', 'missile', 'missal', 'middle', 'vigil', 'midget', 'michelle', 'michel', 'michele']"
1,mission,mishon,M IH SH AH N,mission,M IH SH AH N,"['mission', 'motion', 'titian', 'fission', 'mitten', 'machine', 'nation', 'vision', 'michelle', 'michel', 'michele']"
0,netflix,netfilix,N EH T F IH L IH K S,metaphysics,M EH T AH F IH Z IH K S,"['metaphysics', 'magnetics', 'synthetics', 'dianetics', 'conflicts', 'conflicts', 'conflicts', 'conflicts', 'kinetics', 'genetics']"
0,nice,niss,N IH S,ness,N EH S,"['ness', 'nurse', 'nice', 'gneiss', 'nice', 'niece', 'miss', 'niche', 'noyce', 'nous', 'noose']"
1,normally,normlly,N AO R M L IY,normally,N AO R M L IY,"['normally', 'warmly', 'shortly', 'portly', 'morally', 'courtly', 'narrowly', 'lordly', 'fourthly', 'normal']"
1,online,onllan,AO N L AH N,online,AO N L AY N,"['online', 'arlen', 'offline', 'onion', 'ensign', 'undone', 'alton', 'option', 'anshan', 'engine']"
1,opened,opend,OW P AH N D,opened,OW P AH N D,"['opened', 'opined', 'opens', 'opener', 'append', 'opines', 'spend', 'evened', 'spurned', 'spanned']"
0,overage,overaged,OW V ER IH JH D,averaged,AE V R IH JH D,"['averaged', 'overfeed', 'overdid', 'overrode', 'overload', 'overfed', 'overlaid', 'overpaid', 'overjoyed', 'overhead']"
1,password,pasword,P AE S W ER D,password,P AE S W ER D,"['password', 'persuade', 'pestered', 'catchword', 'backward', 'bastard', 'poleward', 'patchwork', 'pastures', 'pastors']"
1,people,poeple,P OW P AH L,people,P IY P AH L,"['people', 'papal', 'purple', 'popple', 'bhopal', 'pebble', 'fipple', 'focal', 'coble', 'couple']"
1,persuade,perswade,P ER S W EY D,persuade,P ER S W EY D,"['persuade', 'password', 'dissuade', 'perceived', 'pokeweed', 'pasted', 'pestered', 'poleward', 'pathways', 'posted']"
0,physical,phiscal,F IH S K AH L,fiscal,F IH S K AH L,"['fiscal', 'gaskell', 'haskell', 'pistol', 'pistil', 'viscous', 'rascal', 'fearful', 'visceral', 'fitful']"
0,poorly,porly,P AO R L IY,parley,P AA R L IY,"['parley', 'sorely', 'poorly', 'morley', 'porky', 'warley', 'porgy', 'parlay', 'farley', 'barley']"
1,possibly,posibly,P AA Z AH B L IY,possibly,P AA S AH B L IY,"['possibly', 'passably', 'peaceably', 'feasibly', 'visibly', 'horribly', 'possible', 'notably', 'terribly', 'commonly']"
0,predator,preaditor,P R IY AE D AH T ER,presenter,P R IY Z EH N T ER,"['presenter', 'granddaughter', 'pretender', 'capacitor', 'presenter', 'predictor', 'predator', 'protector', 'prankster', 'predicts']"
1,preferred,preffered,P R EH F ER D,preferred,P R AH F ER D,"['preferred', 'preferred', 'preferred', 'proffered', 'pressured', 'prefers', 'prefers', 'crawford', 'prefers', 'preface']"
0,pressed,preased,P R IY S T,priest,P R IY S T,"['priest', 'pressed', 'preached', 'priced', 'proust', 'proust', 'greased', 'trieste', 'braced', 'placed']"
0,pretend,petend,P AH T EH N D,pertained,P ER T EY N D,"['pertained', 'buttoned', 'patterned', 'commend', 'patina', 'patella', 'intend', 'patent', 'potent', 'fattened']"
0,pretending,pretenden,P R IY T EH N D AH N,pretended,P R IY T EH N D AH D,"['pretended', 'pretension', 'pretending', 'pretended', 'pretenders', 'pretentious', 'prevention', 'presented', 'praetorian', 'protection']"
0,pretending,prtending,P R T EH N D IH NG,intending,IH N T EH N D IH NG,"['intending', 'patenting', 'commending', 'astounding', 'impending', 'depending', 'descending', 'unbending', 'proceeding', 'defending']"
0,probably,probaly,P R OW B AH L IY,probity,P R OW B AH T IY,"['probity', 'globally', 'properly', 'parabola', 'playfully', 'frugally', 'gravelly', 'broccoli', 'privacy', 'tripoli']"
0,probably,probly,P R AA B L IY,bromley,B R AA M L IY,"['bromley', 'broccoli', 'proudly', 'primly', 'prickly', 'presley', 'proxy', 'broadly', 'bravely', 'bribery']"
1,probably,probobly,P R AA B AH B L IY,probably,P R AA B AH B L IY,"['probably', 'probable', 'plausibly', 'privately', 'credibly', 'palpably', 'promptly', 'provable', 'forcibly', 'prodigies']"
1,probably,probrely,P R AA B R AH L IY,probably,P R AA B AH B L IY,"['probably', 'peripherally', 'problems', 'priority', 'promptly', 'privately', 'probable', 'brazenly', 'properly', 'pretrial']"
0,realistic,raelistic,R EY L IH S T IH K,ballistic,B AH L IH S T IH K,"['ballistic', 'holistic', 'logistic', 'sadistic', 'resisted', 'resisting', 'resisted', 'resisting', 'ecliptic', 'artistic']"
0,really,reall,R IY L,real,R IY L,"['real', 'reel', 'riel', 'rail', 'lille', 'leal', 'role', 'roll', 'rill', 'ryle', 'rile']"
0,really,relly,R EH L IY,rally,R AE L IY,"['rally', 'really', 'riley', 'reilly', 'wryly', 'really', 'raleigh', 'nelly', 'nellie', 'telly']"
1,received,recieved,R IH S IY V D,received,R IH S IY V D,"['received', 'received', 'received', 'receives', 'deceived', 'relieved', 'receiver', 'reserved', 'receives', 'receives']"
1,respond,respound,R IY S P AW N D,respond,R IY S P AA N D,"['respond', 'respond', 'response', 'expound', 'reopened', 'reappoint', 'respect', 'suspend', 'response', 'compound']"
1,restrictions,restrtictions,R EH S T R T IH K SH AH N Z,restrictions,R IY S T R IH K SH AH N Z,"['restrictions', 'registrations', 'constrictions', 'extractions', 'restriction']"
1,ridiculous,rediculous,R IY D IH K Y AH L AH S,ridiculous,R IH D IH K Y AH L AH S,"['ridiculous', 'meticulous', 'articulate', 'articulates', 'frictionless', 'ridiculously', 'periodical']"
0,safety,saftety,S AE F T EH T IY,chastity,CH AE S T AH T IY,"['chastity', 'spaghetti', 'seventy', 'softest', 'serenity', 'unsteady', 'confetti', 'subtlety', 'certainty', 'stiletto']"
1,safety,saftey,S AE F T IY,safety,S EY F T IY,"['safety', 'lefty', 'hefty', 'sandy', 'fifty', 'shifty', 'softer', 'rafter', 'nifty', 'softer']"
0,scam,scame,S K EY M,scheme,S K IY M,"['scheme', 'scum', 'skim', 'scam', 'skein', 'scale', 'skate', 'scape', 'sperm', 'spam']"
0,scammer,scamer,S K EY M ER,schemer,S K IY M ER,"['schemer', 'skimmer', 'scammer', 'scalar', 'skater', 'schema', 'schuyler', 'skeeter', 'skinner', 'steamer']"
1,screen,skreen,S K R IY N,screen,S K R IY N,"['screen', 'scream', 'screech', 'screed', 'sprain', 'scrape', 'spleen', 'strain', 'scram', 'scroll']"
0,shows,shose,SH UW Z,shoes,SH UW Z,"['shoes', 'shooed', 'shows', 'shies', 'chaise', 'shays', 'news', 'shoot', 'chute', 'shute']"
1,situation,sichweshen,S IH CH W EH SH AH N,situation,S IH CH UW EY SH AH N,"['situation', 'saturation', 'cistercian', 'suppression', 'succession', 'depression', 'seduction', 'suspicion', 'sensation', 'submission']"
0,someone,som1,S AA M,som,S AA M,"['som', 'psalm', 'some', 'sum', 'sim', 'sym', 'sam', 'salve', 'same', 'sejm']"
1,something,someting,S AH M T IH NG,something,S AH M TH IH NG,"['something', 'sifting', 'simmering', 'salting', 'sulking', 'sorting', 'shunting', 'thumping', 'bunting', 'pumping']"
1,something,somthing,S AA M TH IH NG,something,S AH M TH IH NG,"['something', 'chomping', 'simmering', 'romping', 'solving', 'sleuthing', 'soldering', 'salting', 'sorting', 'sourcing']"
1,somewhere,somewere,S AH M W EH R,somewhere,S AH M W EH R,"['somewhere', 'someone', 'somewhat', 'software', 'compare', 'spyware', 'sandwich', 'memoir', 'subways', 'sunward']"
1,space,spase,S P EY S,space,S P EY S,"['space', 'spice', 'spouse', 'spate', 'spake', 'spade', 'spayed', 'spain', 'apace', 'spies']"
0,stopping,stoping,S T OW P IH NG,stepping,S T EH P IH NG,"['stepping', 'stooping', 'stoking', 'stopping', 'scoping', 'stoning', 'sloping', 'stowing', 'stuffing', 'staffing']"
0,strangers,srangers,SH R EY N JH ER Z,grangers,G R EY N JH ER Z,"['grangers', 'granges', 'crunchers', 'fringes', 'cringes', 'oranges', 'oranges', 'shrimpers', 'grinders', 'printers']"
0,strangers,strangrs,S T R AE NG ER Z,stringers,S T R IH NG ER Z,"['stringers', 'stretchers', 'strengths', 'strollers', 'streamers', 'strikers', 'strippers', 'stripers', 'strands', 'strength']"
1,strangers,streanges,S T R IY N JH IH Z,strangers,S T R EY N JH ER Z,"['strangers', 'strangely', 'stranded', 'stranding', 'streetwise', 'scrounging', 'screenings', 'stoppages', 'strictures', 'striptease']"
1,surprise,suprise,S UW P R AY Z,surprise,S ER P R AY Z,"['surprise', 'surprise', 'supplies', 'reprise', 'sunrise', 'emprise', 'sucrose', 'cypress', 'suppress', 'cyprus', 'cypress']"
0,talk,talck,T AE L K,talc,T AE L K,"['talc', 'task', 'tank', 'tally', 'talley', 'tallow', 'teller', 'dank', 'telly', 'tells']"
1,talk,tawk,T AO K,talk,T AO K,"['talk', 'top', 'tech', 'toff', 'tyke', 'caulk', 'tuck', 'take', 'tick', 'tic']"
0,taught,tought,T AH F T,tuft,T AH F T,"['tuft', 'taft', 'toft', 'tucked', 'cuffed', 'puffed', 'huffed', 'toughs', 'touched', 'roughed']"
0,taught,tourt,T UH R T,toured,T UH R D,"['toured', 'yurt', 'tours', 'tort', 'torte', 'tart', 'moored', 'lured', 'duro', 'durer']"
1,teaching,teatching,T IY CH IH NG,teaching,T IY CH IH NG,"['teaching', 'touching', 'leaching', 'teething', 'reaching', 'teasing', 'beaching', 'teaming', 'teeming', 'teaches']"
1,tech,tec,T EH K,tech,T EH K,"['tech', 'dec', 'deck', 'tack', 'take', 'tuck', 'tick', 'tic', 'tyke', 'turk']"
1,tells,tels,T EH L Z,tells,T EH L Z,"['tells', 'tales', 'tails', 'tiles', 'tolls', 'tears', 'tools', 'thames', 'towels', 'toils']"
0,that,tath,T AE TH,teeth,T IY TH,"['teeth', 'tooth', 'tat', 'path', 'hath', 'tang', 'lath', 'wrath', 'rath', 'tass']"
0,that's,tath's,T AE TH S,paths,P AE TH S,"['paths', 'baths', 'tax', 'tacks', 'taps', 'deaths', 'tangs', 'tags', 'tabs', 'tans']"
0,thing,fing,F IH NG,fang,F AE NG,"['fang', 'ping', 'king', 'thing', 'sing', 'singh', 'ching', 'ming', 'hing', 'zing']"
0,think,tink,T IH NG K,dink,D IH NG K,"['dink', 'tank', 'think', 'pink', 'chink', 'mink', 'minke', 'wink', 'sink', 'sync', 'cinque']"
1,told,tolld,T OW L D,told,T OW L D,"['told', 'tolled', 'doled', 'toiled', 'tailed', 'tooled', 'tiled', 'tolls', 'cold', 'toned']"
0,told,towled,T AW L D,towels,T AW L Z,"['towels', 'told', 'tolled', 'howled', 'toiled', 'tiled', 'towered', 'fouled', 'tailed', 'tooled']"
0,traced,trased,T R EY Z D,crazed,K R EY Z D,"['crazed', 'praised', 'phrased', 'braised', 'grazed', 'trailed', 'trained', 'traced', 'tracer', 'tracy', 'tracey', 'traci', 'tracie']"
1,trust,trost,T R AA S T,trust,T R AH S T,"['trust', 'tryst', 'tryst', 'traced', 'trieste', 'crossed', 'dressed', 'frost', 'dropped', 'thrust']"
0,trust,chrust,K R AH S T,crust,K R AH S T,"['crust', 'crest', 'christ', 'crossed', 'crushed', 'trust', 'thrust', 'grist', 'grassed', 'grossed']"
1,trying,tring,T R IH NG,trying,T R AY NG,"['trying', 'towing', 'toeing', 'teeing', 'tying', 'toying', 'airing', 'erring', 'earring', 'bring']"
0,trying,tyring,T AY R IH NG,tiring,T AY R IH NG,"['tiring', 'tarring', 'tearing', 'tearing', 'towering', 'timing', 'hiring', 'touring', 'turing', 'wiring']"
0,voice,vioce,V AY AH S,bias,B AY AH S,"['bias', 'pious', 'pius', 'vial', 'bios', 'dias', 'vines', 'vibes', 'bikes', 'vying']"
0,wants,wonst,W AH N S T,winced,W IH N S T,"['winced', 'minced', 'waxed', 'whilst', 'sensed', 'lunched', 'fenced', 'munched', 'hunched', 'danced']"
0,wants,wats,W AA T S,watts,W AA T S,"['watts', 'whats', 'whites', 'wits', 'weights', 'waits', 'woks', 'lots', 'lats', 'shots']"
1,wants,whants,W AE N T S,wants,W AA N T S,"['wants', 'wants', 'chants', 'nantes', 'pants', 'lents', 'tents', 'rents', 'gents', 'cents', 'scents']"
0,watch,whatch,W AH CH,which,W IH CH,"['which', 'witch', 'watch', 'watch', 'wuss', 'what', 'one', 'won', 'touch', 'much']"
0,weirdo,wirdo,W ER D OW,widow,W IH D OW,"['widow', 'wordy', 'words', 'wider', 'wader', 'weedy', 'worthy', 'willow', 'woody', 'winnow']"
1,whip,wip,W IH P,whip,W IH P,"['whip', 'whiff', 'wipe', 'weep', 'wop', 'wick', 'whoop', 'wis', 'when', 'win', 'wynn']"
1,with,whith,W IH TH,with,W IH TH,"['with', 'with', 'withe', 'worth', 'with', 'with', 'wit', 'witt', 'whit', 'whiff']"
0,werk,werk,W ER K,work,W ER K,"['work', 'wick', 'wake', 'whack', 'wack', 'woke', 'week', 'weak', 'walk', 'wok']"
0,would,woid,W OY D,lloyd,L OY D,"['lloyd', 'loyd', 'wooed', 'toyed', 'wowed', 'void', 'wad', 'wide', 'would', 'wood']"
0,your,ur,ER,or,ER,"['or', 'are', 'err', 'eure', 'for', 'fur', 'fir', 'fer', 'i', 'eye', 'aye']"
1,yourself,youself,Y UW S EH L F,yourself,Y ER S EH L F,"['yourself', 'herself', 'thyself', 'myself', 'ourself', 'ourself', 'itself', 'usurps', 'usurped', 'usually']"
