Misspelling,Suggestion
accomodate,accommodate
amature,amateur
amourfous,amorphous
artic,arctic
basicly,basically
bigginging,beginning
behavior,behaviour
beauro,bureau
beaurocracy,bureaucracy
budr,butter
cheet,cheat
comittmen,commitment
comittmend,commitment
companys,companies
concensus,consensus
crasy,crazy
credetability,credibility
croke,croak
custamisation,customization
daly,daily
defense,defence
definate,definite
definately,definitely
descrptn,description
dessicate,desiccate
ductioneery,dictionary
disect,dissect
destint,distant
distart,distort
dramaticly,dramatically
ecstacy,ecstasy
embaress,embarrass
imbed,embed
enviroment,environment
expresso,espresso
excercise,exercise
existance,existence
faver,favour
faxe,fax
firey,fiery
flukse,flux
gotton,gotten
hyfin,hyphen
independant,independent
incedious,insidious
instulation,installation
intejilent,intelligent
intelegnent,intelligent
intelejent,intelligent
isotrop,isotope
judgement,judgment
kippur,kipper
liquify,liquefy
momento,memento
millenium,millennium
monkay,monkey
neighbor,neighbour
nozled,nuzzled
opposim,opossum
organise,organize
organiz,organize
permissable,permissible
permition,permission
permmasivie,permissive
fone,phone
picaresque,picturesque
playwrite,playwright
practicle,practical
prefixt,prefixed
psycolagest,psychologist
ramplily,rampantly
wrank,rank
sence,sense
seperate,separate
spoak,spoke
straightjacket,straitjacket
techniquely,technically
thruout,throughout
tommorrow,tomorrow
trubbel,trouble
unconscience,unconscious
unfortunently,unfortunately
volye,volley
whard,ward
whimp,wimp
